model,accuracy,auc_roc,f1_score,train_time,total_params
Dilated CNN,66.21621621621621,44.582043343653254,64.01356441924393,6.94681453704834,142722
