Algorithm,AUC_Mean,AUC_Std,AUC_CI_Lower,AUC_CI_Upper,AUC_Formatted,Accuracy_Mean,Accuracy_Std,Accuracy_CI_Lower,Accuracy_CI_Upper,Accuracy_Formatted,F1_Mean,F1_Std,F1_CI_Lower,F1_CI_Upper,F1_Formatted,Mean_Train_Time
CNN,44.255876662332184,13.139464652032586,34.85646988251099,53.655283442153376,"44.26 ± 13.14 (34.86, 53.66)",48.733285161815274,22.18562235571021,32.86264699600867,64.60392332762187,"48.73 ± 22.19 (32.86, 64.60)",46.139713664335,24.71246509946569,28.461481091436386,63.81794623723361,"46.14 ± 24.71 (28.46, 63.82)",20.1440687417984
